source_id,source_name,quantity,reference_key,url,catalogue_locator
1,IGR J00291+5934,spin,Spin_igr00291,https://doi.org/10.1093/mnras/stw3332,spin: Sanna et al. 2017 MNRAS 466 2910; thermal: Campana et al. 2008 ApJL 689 L129
1,IGR J00291+5934,thermal,Therm_igr00291,https://doi.org/10.1086/595867,spin: Sanna et al. 2017 MNRAS 466 2910; thermal: Campana et al. 2008 ApJL 689 L129
2,MXB 1659-29,spin,Spin_mxb1659,https://doi.org/10.1086/319128,spin: Wijnands et al. 2001 ApJL 549 L71; thermal: Cackett et al. 2008 ApJL 687 L87
2,MXB 1659-29,thermal,Therm_mxb1659,https://doi.org/10.1086/593703,spin: Wijnands et al. 2001 ApJL 549 L71; thermal: Cackett et al. 2008 ApJL 687 L87
3,SAX J1810.8-2609,spin,Spin_saxj1810,https://doi.org/10.3847/2041-8213/aad09c,spin: Bilous et al. 2018 ApJL 862 L4; thermal: Jonker et al. 2004 MNRAS 349 94
3,SAX J1810.8-2609,thermal,Therm_saxj1810,https://doi.org/10.1111/j.1365-2966.2004.07455.x,spin: Bilous et al. 2018 ApJL 862 L4; thermal: Jonker et al. 2004 MNRAS 349 94
4,KS 1731-260,spin,Spin_ks1731,https://doi.org/10.1086/317031,spin: Muno et al. 2000 ApJ 542 1016; thermal: Merritt et al. 2016 ApJ 833 186
4,KS 1731-260,thermal,Therm_ks1731,https://doi.org/10.3847/1538-4357/833/2/186,spin: Muno et al. 2000 ApJ 542 1016; thermal: Merritt et al. 2016 ApJ 833 186
5,SAX J1748.9-2021,spin,Spin_saxj1748,https://doi.org/10.1088/0004-637X/690/2/1856,spin: Patruno et al. 2009 ApJ 690 1856; thermal: Bahramian et al. 2015 MNRAS 452 3475
5,SAX J1748.9-2021,thermal,Therm_saxj1748,https://doi.org/10.1093/mnras/stv1585,spin: Patruno et al. 2009 ApJ 690 1856; thermal: Bahramian et al. 2015 MNRAS 452 3475
6,Swift J1749.4-2807,spin,Spin_swift1749,https://doi.org/10.1088/2041-8205/727/1/L18,spin: Altamirano et al. 2011 ApJL 727 L18; thermal: Degenaar Patruno and Wijnands 2012 ApJ 756 148
6,Swift J1749.4-2807,thermal,Degenaar2012,https://doi.org/10.1088/0004-637X/756/2/148,spin: Altamirano et al. 2011 ApJL 727 L18; thermal: Degenaar Patruno and Wijnands 2012 ApJ 756 148
7,XTE J1751-305,spin,Spin_xtej1751,https://doi.org/10.1111/j.1365-2966.2007.12551.x,spin: Papitto et al. 2008 MNRAS 383 411; thermal: Degenaar Patruno and Wijnands 2012 ApJ 756 148
7,XTE J1751-305,thermal,Degenaar2012,https://doi.org/10.1088/0004-637X/756/2/148,spin: Papitto et al. 2008 MNRAS 383 411; thermal: Degenaar Patruno and Wijnands 2012 ApJ 756 148
8,SAX J1808.4-3658,spin,Spin_sax1808,https://doi.org/10.1038/28561,spin: Chakrabarty and Morgan 1998 Nature 394 346; thermal: Heinke et al. 2009 ApJ 691 1035
8,SAX J1808.4-3658,thermal,Therm_sax1808,https://doi.org/10.1088/0004-637X/691/2/1035,spin: Chakrabarty and Morgan 1998 Nature 394 346; thermal: Heinke et al. 2009 ApJ 691 1035
9,IGR J17498-2921,spin,Spin_igr17498,https://doi.org/10.1051/0004-6361/201117995,spin: Papitto et al. 2011 A&A 535 L4; thermal: Degenaar Patruno and Wijnands 2012 ApJ 756 148
9,IGR J17498-2921,thermal,Degenaar2012,https://doi.org/10.1088/0004-637X/756/2/148,spin: Papitto et al. 2011 A&A 535 L4; thermal: Degenaar Patruno and Wijnands 2012 ApJ 756 148
10,XTE J1814-338,spin,Spin_xtej1814,https://doi.org/10.1111/j.1365-2966.2006.11359.x,spin: Papitto et al. 2007 MNRAS 375 971; thermal: Degenaar Patruno and Wijnands 2012 ApJ 756 148
10,XTE J1814-338,thermal,Degenaar2012,https://doi.org/10.1088/0004-637X/756/2/148,spin: Papitto et al. 2007 MNRAS 375 971; thermal: Degenaar Patruno and Wijnands 2012 ApJ 756 148
11,IGR J17191-2821,spin,Spin_igr17191,https://doi.org/10.1111/j.1365-2966.2009.15627.x,spin: Altamirano et al. 2010 MNRAS 401 223; thermal: Haskell Degenaar and Ho 2012 MNRAS 424 93
11,IGR J17191-2821,thermal,Therm_igr17191,https://doi.org/10.1111/j.1365-2966.2012.21171.x,spin: Altamirano et al. 2010 MNRAS 401 223; thermal: Haskell Degenaar and Ho 2012 MNRAS 424 93
12,IGR J18245-2452 / M28I,spin,Spin_igr18245,https://doi.org/10.1051/0004-6361/201730600,spin: De Falco et al. 2017 A&A 603 A16; thermal: Linares et al. 2014 MNRAS 438 251
12,IGR J18245-2452 / M28I,thermal,Therm_igr18245,https://doi.org/10.1093/mnras/stt2167,spin: De Falco et al. 2017 A&A 603 A16; thermal: Linares et al. 2014 MNRAS 438 251
13,IGR J17511-3057,spin,Spin_igr17511,https://doi.org/10.1111/j.1365-2966.2010.17090.x,spin: Papitto et al. 2010 MNRAS 407 2575; thermal: Degenaar Patruno and Wijnands 2012 ApJ 756 148
13,IGR J17511-3057,thermal,Degenaar2012,https://doi.org/10.1088/0004-637X/756/2/148,spin: Papitto et al. 2010 MNRAS 407 2575; thermal: Degenaar Patruno and Wijnands 2012 ApJ 756 148
14,NGC 6440 X-2,spin,Spin_ngc6440x2,https://doi.org/10.1088/0004-637X/814/2/138,spin: Bult et al. 2015 ApJ 814 138; thermal: Degenaar Patruno and Wijnands 2012 ApJ 756 148
14,NGC 6440 X-2,thermal,Degenaar2012,https://doi.org/10.1088/0004-637X/756/2/148,spin: Bult et al. 2015 ApJ 814 138; thermal: Degenaar Patruno and Wijnands 2012 ApJ 756 148
15,XTE J1807-294,spin,Spin_xtej1807,https://doi.org/10.1086/533578,spin: Riggio et al. 2008 ApJ 678 1273; thermal: Degenaar Patruno and Wijnands 2012 ApJ 756 148
15,XTE J1807-294,thermal,Degenaar2012,https://doi.org/10.1088/0004-637X/756/2/148,spin: Riggio et al. 2008 ApJ 678 1273; thermal: Degenaar Patruno and Wijnands 2012 ApJ 756 148
16,XTE J0929-314,spin,Spin_xtej0929,https://doi.org/10.1086/343841,spin: Galloway et al. 2002 ApJL 576 L137; thermal: Degenaar Patruno and Wijnands 2012 ApJ 756 148
16,XTE J0929-314,thermal,Degenaar2012,https://doi.org/10.1088/0004-637X/756/2/148,spin: Galloway et al. 2002 ApJL 576 L137; thermal: Degenaar Patruno and Wijnands 2012 ApJ 756 148
17,Swift J1756.9-2508,spin,Spin_swift1756,https://doi.org/10.1086/522959,spin: Krimm et al. 2007 ApJL 668 L147; thermal: Degenaar Patruno and Wijnands 2012 ApJ 756 148
17,Swift J1756.9-2508,thermal,Degenaar2012,https://doi.org/10.1088/0004-637X/756/2/148,spin: Krimm et al. 2007 ApJL 668 L147; thermal: Degenaar Patruno and Wijnands 2012 ApJ 756 148
18,IGR J16597-3704,spin,Spin_igr16597,https://doi.org/10.1051/0004-6361/201732262,spin: Sanna et al. 2018 A&A 610 L2; thermal: Tetarenko et al. 2018 ApJ 854 125
18,IGR J16597-3704,thermal,Therm_igr16597,https://doi.org/10.3847/1538-4357/aaa95a,spin: Sanna et al. 2018 A&A 610 L2; thermal: Tetarenko et al. 2018 ApJ 854 125
19,J0023+0923,spin,XuLive2025,https://xray-pulsar.github.io/counterparts/,Xu living Table 2 line 125 (snapshot 2025-12-25)
19,J0023+0923,thermal,Xu2025,https://doi.org/10.3847/1538-4357/adaebc,Xu living Table 2 line 125 (snapshot 2025-12-25)
20,J0024-7204C,spin,XuLive2025,https://xray-pulsar.github.io/counterparts/,Xu living Table 2 line 126 (snapshot 2025-12-25)
20,J0024-7204C,thermal,ZhaoHeinke2022,https://doi.org/10.1093/mnras/stac442,Xu living Table 2 line 126 (snapshot 2025-12-25)
21,J0024-7204D,spin,XuLive2025,https://xray-pulsar.github.io/counterparts/,Xu living Table 2 line 127 (snapshot 2025-12-25)
21,J0024-7204D,thermal,ZhaoHeinke2022,https://doi.org/10.1093/mnras/stac442,Xu living Table 2 line 127 (snapshot 2025-12-25)
22,J0024-7204E,spin,XuLive2025,https://xray-pulsar.github.io/counterparts/,Xu living Table 2 line 128 (snapshot 2025-12-25)
22,J0024-7204E,thermal,ZhaoHeinke2022,https://doi.org/10.1093/mnras/stac442,Xu living Table 2 line 128 (snapshot 2025-12-25)
23,J0024-7204F,spin,XuLive2025,https://xray-pulsar.github.io/counterparts/,Xu living Table 2 line 129 (snapshot 2025-12-25)
23,J0024-7204F,thermal,ZhaoHeinke2022,https://doi.org/10.1093/mnras/stac442,Xu living Table 2 line 129 (snapshot 2025-12-25)
24,J0024-7204H,spin,XuLive2025,https://xray-pulsar.github.io/counterparts/,Xu living Table 2 line 130 (snapshot 2025-12-25)
24,J0024-7204H,thermal,ZhaoHeinke2022,https://doi.org/10.1093/mnras/stac442,Xu living Table 2 line 130 (snapshot 2025-12-25)
25,J0024-7204J,spin,XuLive2025,https://xray-pulsar.github.io/counterparts/,Xu living Table 2 line 131 (snapshot 2025-12-25)
25,J0024-7204J,thermal,ZhaoHeinke2022,https://doi.org/10.1093/mnras/stac442,Xu living Table 2 line 131 (snapshot 2025-12-25)
26,J0024-7204L,spin,XuLive2025,https://xray-pulsar.github.io/counterparts/,Xu living Table 2 line 132 (snapshot 2025-12-25)
26,J0024-7204L,thermal,ZhaoHeinke2022,https://doi.org/10.1093/mnras/stac442,Xu living Table 2 line 132 (snapshot 2025-12-25)
27,J0024-7204M,spin,XuLive2025,https://xray-pulsar.github.io/counterparts/,Xu living Table 2 line 133 (snapshot 2025-12-25)
27,J0024-7204M,thermal,ZhaoHeinke2022,https://doi.org/10.1093/mnras/stac442,Xu living Table 2 line 133 (snapshot 2025-12-25)
28,J0024-7204N,spin,XuLive2025,https://xray-pulsar.github.io/counterparts/,Xu living Table 2 line 134 (snapshot 2025-12-25)
28,J0024-7204N,thermal,ZhaoHeinke2022,https://doi.org/10.1093/mnras/stac442,Xu living Table 2 line 134 (snapshot 2025-12-25)
29,J0024-7204O,spin,XuLive2025,https://xray-pulsar.github.io/counterparts/,Xu living Table 2 line 135 (snapshot 2025-12-25)
29,J0024-7204O,thermal,ZhaoHeinke2022,https://doi.org/10.1093/mnras/stac442,Xu living Table 2 line 135 (snapshot 2025-12-25)
30,J0024-7204Q,spin,XuLive2025,https://xray-pulsar.github.io/counterparts/,Xu living Table 2 line 136 (snapshot 2025-12-25)
30,J0024-7204Q,thermal,ZhaoHeinke2022,https://doi.org/10.1093/mnras/stac442,Xu living Table 2 line 136 (snapshot 2025-12-25)
31,J0024-7204R,spin,XuLive2025,https://xray-pulsar.github.io/counterparts/,Xu living Table 2 line 137 (snapshot 2025-12-25)
31,J0024-7204R,thermal,ZhaoHeinke2022,https://doi.org/10.1093/mnras/stac442,Xu living Table 2 line 137 (snapshot 2025-12-25)
32,J0024-7204T,spin,XuLive2025,https://xray-pulsar.github.io/counterparts/,Xu living Table 2 line 139 (snapshot 2025-12-25)
32,J0024-7204T,thermal,ZhaoHeinke2022,https://doi.org/10.1093/mnras/stac442,Xu living Table 2 line 139 (snapshot 2025-12-25)
33,J0024-7204U,spin,XuLive2025,https://xray-pulsar.github.io/counterparts/,Xu living Table 2 line 140 (snapshot 2025-12-25)
33,J0024-7204U,thermal,ZhaoHeinke2022,https://doi.org/10.1093/mnras/stac442,Xu living Table 2 line 140 (snapshot 2025-12-25)
34,J0024-7204X,spin,XuLive2025,https://xray-pulsar.github.io/counterparts/,Xu living Table 2 line 142 (snapshot 2025-12-25)
34,J0024-7204X,thermal,ZhaoHeinke2022,https://doi.org/10.1093/mnras/stac442,Xu living Table 2 line 142 (snapshot 2025-12-25)
35,J0024-7204Y,spin,XuLive2025,https://xray-pulsar.github.io/counterparts/,Xu living Table 2 line 143 (snapshot 2025-12-25)
35,J0024-7204Y,thermal,ZhaoHeinke2022,https://doi.org/10.1093/mnras/stac442,Xu living Table 2 line 143 (snapshot 2025-12-25)
36,J0024-7204Z,spin,XuLive2025,https://xray-pulsar.github.io/counterparts/,Xu living Table 2 line 144 (snapshot 2025-12-25)
36,J0024-7204Z,thermal,ZhaoHeinke2022,https://doi.org/10.1093/mnras/stac442,Xu living Table 2 line 144 (snapshot 2025-12-25)
37,J0024-7204aa,spin,XuLive2025,https://xray-pulsar.github.io/counterparts/,Xu living Table 2 line 145 (snapshot 2025-12-25)
37,J0024-7204aa,thermal,ZhaoHeinke2022,https://doi.org/10.1093/mnras/stac442,Xu living Table 2 line 145 (snapshot 2025-12-25)
38,J0024-7204ab,spin,XuLive2025,https://xray-pulsar.github.io/counterparts/,Xu living Table 2 line 146 (snapshot 2025-12-25)
38,J0024-7204ab,thermal,ZhaoHeinke2022,https://doi.org/10.1093/mnras/stac442,Xu living Table 2 line 146 (snapshot 2025-12-25)
39,J0030+0451,spin,XuLive2025,https://xray-pulsar.github.io/counterparts/,Xu living Table 2 line 147 (snapshot 2025-12-25)
39,J0030+0451,thermal,Xu2025,https://doi.org/10.3847/1538-4357/adaebc,Xu living Table 2 line 147 (snapshot 2025-12-25)
40,J0034-0534,spin,XuLive2025,https://xray-pulsar.github.io/counterparts/,Xu living Table 2 line 148 (snapshot 2025-12-25)
40,J0034-0534,thermal,Xu2025,https://doi.org/10.3847/1538-4357/adaebc,Xu living Table 2 line 148 (snapshot 2025-12-25)
41,J0101-6422,spin,XuLive2025,https://xray-pulsar.github.io/counterparts/,Xu living Table 2 line 149 (snapshot 2025-12-25)
41,J0101-6422,thermal,Xu2025,https://doi.org/10.3847/1538-4357/adaebc,Xu living Table 2 line 149 (snapshot 2025-12-25)
42,J0218+4232,spin,XuLive2025,https://xray-pulsar.github.io/counterparts/,Xu living Table 2 line 150 (snapshot 2025-12-25)
42,J0218+4232,thermal,Xu2025,https://doi.org/10.3847/1538-4357/adaebc,Xu living Table 2 line 150 (snapshot 2025-12-25)
43,J0307+7443,spin,XuLive2025,https://xray-pulsar.github.io/counterparts/,Xu living Table 2 line 151 (snapshot 2025-12-25)
43,J0307+7443,thermal,Xu2025,https://doi.org/10.3847/1538-4357/adaebc,Xu living Table 2 line 151 (snapshot 2025-12-25)
44,J0337+1715,spin,XuLive2025,https://xray-pulsar.github.io/counterparts/,Xu living Table 2 line 152 (snapshot 2025-12-25)
44,J0337+1715,thermal,Xu2025,https://doi.org/10.3847/1538-4357/adaebc,Xu living Table 2 line 152 (snapshot 2025-12-25)
45,J0437-4715,spin,XuLive2025,https://xray-pulsar.github.io/counterparts/,Xu living Table 2 line 153 (snapshot 2025-12-25)
45,J0437-4715,thermal,GCGR2019,https://doi.org/10.1093/mnras/stz2941,Xu living Table 2 line 153 (snapshot 2025-12-25)
46,J0613-0200,spin,XuLive2025,https://xray-pulsar.github.io/counterparts/,Xu living Table 2 line 154 (snapshot 2025-12-25)
46,J0613-0200,thermal,Xu2025,https://doi.org/10.3847/1538-4357/adaebc,Xu living Table 2 line 154 (snapshot 2025-12-25)
47,J0614-3329,spin,XuLive2025,https://xray-pulsar.github.io/counterparts/,Xu living Table 2 line 155 (snapshot 2025-12-25)
47,J0614-3329,thermal,Xu2025,https://doi.org/10.3847/1538-4357/adaebc,Xu living Table 2 line 155 (snapshot 2025-12-25)
48,J0636+5128,spin,XuLive2025,https://xray-pulsar.github.io/counterparts/,Xu living Table 2 line 156 (snapshot 2025-12-25)
48,J0636+5128,thermal,Xu2025,https://doi.org/10.3847/1538-4357/adaebc,Xu living Table 2 line 156 (snapshot 2025-12-25)
49,J0740+6620,spin,XuLive2025,https://xray-pulsar.github.io/counterparts/,Xu living Table 2 line 158 (snapshot 2025-12-25)
49,J0740+6620,thermal,Xu2025,https://doi.org/10.3847/1538-4357/adaebc,Xu living Table 2 line 158 (snapshot 2025-12-25)
50,J0751+1807,spin,XuLive2025,https://xray-pulsar.github.io/counterparts/,Xu living Table 2 line 159 (snapshot 2025-12-25)
50,J0751+1807,thermal,Xu2025,https://doi.org/10.3847/1538-4357/adaebc,Xu living Table 2 line 159 (snapshot 2025-12-25)
51,J0952-0607,spin,XuLive2025,https://xray-pulsar.github.io/counterparts/,Xu living Table 2 line 160 (snapshot 2025-12-25)
51,J0952-0607,thermal,Xu2025,https://doi.org/10.3847/1538-4357/adaebc,Xu living Table 2 line 160 (snapshot 2025-12-25)
52,J1012+5307,spin,XuLive2025,https://xray-pulsar.github.io/counterparts/,Xu living Table 2 line 161 (snapshot 2025-12-25)
52,J1012+5307,thermal,Xu2025,https://doi.org/10.3847/1538-4357/adaebc,Xu living Table 2 line 161 (snapshot 2025-12-25)
53,J1023+0038,spin,XuLive2025,https://xray-pulsar.github.io/counterparts/,Xu living Table 2 line 162 (snapshot 2025-12-25)
53,J1023+0038,thermal,Xu2025,https://doi.org/10.3847/1538-4357/adaebc,Xu living Table 2 line 162 (snapshot 2025-12-25)
54,J1024-0719,spin,XuLive2025,https://xray-pulsar.github.io/counterparts/,Xu living Table 2 line 163 (snapshot 2025-12-25)
54,J1024-0719,thermal,Xu2025,https://doi.org/10.3847/1538-4357/adaebc,Xu living Table 2 line 163 (snapshot 2025-12-25)
55,J1035-6720,spin,XuLive2025,https://xray-pulsar.github.io/counterparts/,Xu living Table 2 line 164 (snapshot 2025-12-25)
55,J1035-6720,thermal,Xu2025,https://doi.org/10.3847/1538-4357/adaebc,Xu living Table 2 line 164 (snapshot 2025-12-25)
56,J1124-3653,spin,XuLive2025,https://xray-pulsar.github.io/counterparts/,Xu living Table 2 line 165 (snapshot 2025-12-25)
56,J1124-3653,thermal,Xu2025,https://doi.org/10.3847/1538-4357/adaebc,Xu living Table 2 line 165 (snapshot 2025-12-25)
57,J1125+7819,spin,XuLive2025,https://xray-pulsar.github.io/counterparts/,Xu living Table 2 line 166 (snapshot 2025-12-25)
57,J1125+7819,thermal,Shibanov2025,https://doi.org/10.1134/S1063773725700288,Xu living Table 2 line 166 (snapshot 2025-12-25)
58,J1227-4853,spin,XuLive2025,https://xray-pulsar.github.io/counterparts/,Xu living Table 2 line 167 (snapshot 2025-12-25)
58,J1227-4853,thermal,Xu2025,https://doi.org/10.3847/1538-4357/adaebc,Xu living Table 2 line 167 (snapshot 2025-12-25)
59,J1231-1411,spin,XuLive2025,https://xray-pulsar.github.io/counterparts/,Xu living Table 2 line 168 (snapshot 2025-12-25)
59,J1231-1411,thermal,Xu2025,https://doi.org/10.3847/1538-4357/adaebc,Xu living Table 2 line 168 (snapshot 2025-12-25)
60,J1306-4035,spin,XuLive2025,https://xray-pulsar.github.io/counterparts/,Xu living Table 2 line 169 (snapshot 2025-12-25)
60,J1306-4035,thermal,Xu2025,https://doi.org/10.3847/1538-4357/adaebc,Xu living Table 2 line 169 (snapshot 2025-12-25)
61,J1300+1240,spin,XuLive2025,https://xray-pulsar.github.io/counterparts/,Xu living Table 2 line 170 (snapshot 2025-12-25)
61,J1300+1240,thermal,Xu2025,https://doi.org/10.3847/1538-4357/adaebc,Xu living Table 2 line 170 (snapshot 2025-12-25)
62,J1311-3430,spin,XuLive2025,https://xray-pulsar.github.io/counterparts/,Xu living Table 2 line 171 (snapshot 2025-12-25)
62,J1311-3430,thermal,Xu2025,https://doi.org/10.3847/1538-4357/adaebc,Xu living Table 2 line 171 (snapshot 2025-12-25)
63,J1326-4728A,spin,XuLive2025,https://xray-pulsar.github.io/counterparts/,Xu living Table 2 line 172 (snapshot 2025-12-25)
63,J1326-4728A,thermal,ZhaoHeinke2022,https://doi.org/10.1093/mnras/stac442,Xu living Table 2 line 172 (snapshot 2025-12-25)
64,J1400-1431,spin,XuLive2025,https://xray-pulsar.github.io/counterparts/,Xu living Table 2 line 174 (snapshot 2025-12-25)
64,J1400-1431,thermal,Xu2025,https://doi.org/10.3847/1538-4357/adaebc,Xu living Table 2 line 174 (snapshot 2025-12-25)
65,J1417-4402,spin,XuLive2025,https://xray-pulsar.github.io/counterparts/,Xu living Table 2 line 175 (snapshot 2025-12-25)
65,J1417-4402,thermal,Xu2025,https://doi.org/10.3847/1538-4357/adaebc,Xu living Table 2 line 175 (snapshot 2025-12-25)
66,J1431-4715,spin,XuLive2025,https://xray-pulsar.github.io/counterparts/,Xu living Table 2 line 176 (snapshot 2025-12-25)
66,J1431-4715,thermal,Xu2025,https://doi.org/10.3847/1538-4357/adaebc,Xu living Table 2 line 176 (snapshot 2025-12-25)
67,J1446-4701,spin,XuLive2025,https://xray-pulsar.github.io/counterparts/,Xu living Table 2 line 177 (snapshot 2025-12-25)
67,J1446-4701,thermal,Xu2025,https://doi.org/10.3847/1538-4357/adaebc,Xu living Table 2 line 177 (snapshot 2025-12-25)
68,J1514-4946,spin,XuLive2025,https://xray-pulsar.github.io/counterparts/,Xu living Table 2 line 178 (snapshot 2025-12-25)
68,J1514-4946,thermal,Xu2025,https://doi.org/10.3847/1538-4357/adaebc,Xu living Table 2 line 178 (snapshot 2025-12-25)
69,J1518+0204C,spin,XuLive2025,https://xray-pulsar.github.io/counterparts/,Xu living Table 2 line 179 (snapshot 2025-12-25)
69,J1518+0204C,thermal,ZhaoHeinke2022,https://doi.org/10.1093/mnras/stac442,Xu living Table 2 line 179 (snapshot 2025-12-25)
70,J1544+4937,spin,XuLive2025,https://xray-pulsar.github.io/counterparts/,Xu living Table 2 line 181 (snapshot 2025-12-25)
70,J1544+4937,thermal,Shibanov2025,https://doi.org/10.1134/S1063773725700288,Xu living Table 2 line 181 (snapshot 2025-12-25)
71,J1602+3901,spin,XuLive2025,https://xray-pulsar.github.io/counterparts/,Xu living Table 2 line 182 (snapshot 2025-12-25)
71,J1602+3901,thermal,Shibanov2025,https://doi.org/10.1134/S1063773725700288,Xu living Table 2 line 182 (snapshot 2025-12-25)
72,J1614-2230,spin,XuLive2025,https://xray-pulsar.github.io/counterparts/,Xu living Table 2 line 183 (snapshot 2025-12-25)
72,J1614-2230,thermal,Xu2025,https://doi.org/10.3847/1538-4357/adaebc,Xu living Table 2 line 183 (snapshot 2025-12-25)
73,J1622-0315,spin,XuLive2025,https://xray-pulsar.github.io/counterparts/,Xu living Table 2 line 184 (snapshot 2025-12-25)
73,J1622-0315,thermal,Xu2025,https://doi.org/10.3847/1538-4357/adaebc,Xu living Table 2 line 184 (snapshot 2025-12-25)
74,J1625-0021,spin,XuLive2025,https://xray-pulsar.github.io/counterparts/,Xu living Table 2 line 186 (snapshot 2025-12-25)
74,J1625-0021,thermal,Xu2025,https://doi.org/10.3847/1538-4357/adaebc,Xu living Table 2 line 186 (snapshot 2025-12-25)
75,J1628-3205,spin,XuLive2025,https://xray-pulsar.github.io/counterparts/,Xu living Table 2 line 187 (snapshot 2025-12-25)
75,J1628-3205,thermal,Xu2025,https://doi.org/10.3847/1538-4357/adaebc,Xu living Table 2 line 187 (snapshot 2025-12-25)
76,J1630+3734,spin,XuLive2025,https://xray-pulsar.github.io/counterparts/,Xu living Table 2 line 188 (snapshot 2025-12-25)
76,J1630+3734,thermal,Shibanov2025,https://doi.org/10.1134/S1063773725700288,Xu living Table 2 line 188 (snapshot 2025-12-25)
77,J1640+2224,spin,XuLive2025,https://xray-pulsar.github.io/counterparts/,Xu living Table 2 line 189 (snapshot 2025-12-25)
77,J1640+2224,thermal,Xu2025,https://doi.org/10.3847/1538-4357/adaebc,Xu living Table 2 line 189 (snapshot 2025-12-25)
78,J1641+3627B,spin,XuLive2025,https://xray-pulsar.github.io/counterparts/,Xu living Table 2 line 190 (snapshot 2025-12-25)
78,J1641+3627B,thermal,ZhaoHeinke2022,https://doi.org/10.1093/mnras/stac442,Xu living Table 2 line 190 (snapshot 2025-12-25)
79,J1641+3627C,spin,XuLive2025,https://xray-pulsar.github.io/counterparts/,Xu living Table 2 line 191 (snapshot 2025-12-25)
79,J1641+3627C,thermal,ZhaoHeinke2022,https://doi.org/10.1093/mnras/stac442,Xu living Table 2 line 191 (snapshot 2025-12-25)
80,J1641+3627E,spin,XuLive2025,https://xray-pulsar.github.io/counterparts/,Xu living Table 2 line 193 (snapshot 2025-12-25)
80,J1641+3627E,thermal,ZhaoHeinke2022,https://doi.org/10.1093/mnras/stac442,Xu living Table 2 line 193 (snapshot 2025-12-25)
81,J1641+3627F,spin,XuLive2025,https://xray-pulsar.github.io/counterparts/,Xu living Table 2 line 194 (snapshot 2025-12-25)
81,J1641+3627F,thermal,ZhaoHeinke2022,https://doi.org/10.1093/mnras/stac442,Xu living Table 2 line 194 (snapshot 2025-12-25)
82,J1643-1224,spin,XuLive2025,https://xray-pulsar.github.io/counterparts/,Xu living Table 2 line 195 (snapshot 2025-12-25)
82,J1643-1224,thermal,Xu2025,https://doi.org/10.3847/1538-4357/adaebc,Xu living Table 2 line 195 (snapshot 2025-12-25)
83,J1653-0158,spin,XuLive2025,https://xray-pulsar.github.io/counterparts/,Xu living Table 2 line 196 (snapshot 2025-12-25)
83,J1653-0158,thermal,Xu2025,https://doi.org/10.3847/1538-4357/adaebc,Xu living Table 2 line 196 (snapshot 2025-12-25)
84,J1658-5324,spin,XuLive2025,https://xray-pulsar.github.io/counterparts/,Xu living Table 2 line 198 (snapshot 2025-12-25)
84,J1658-5324,thermal,Xu2025,https://doi.org/10.3847/1538-4357/adaebc,Xu living Table 2 line 198 (snapshot 2025-12-25)
85,J1701-3006C,spin,XuLive2025,https://xray-pulsar.github.io/counterparts/,Xu living Table 2 line 200 (snapshot 2025-12-25)
85,J1701-3006C,thermal,ZhaoHeinke2022,https://doi.org/10.1093/mnras/stac442,Xu living Table 2 line 200 (snapshot 2025-12-25)
86,J1709+2313,spin,XuLive2025,https://xray-pulsar.github.io/counterparts/,Xu living Table 2 line 201 (snapshot 2025-12-25)
86,J1709+2313,thermal,Xu2025,https://doi.org/10.3847/1538-4357/adaebc,Xu living Table 2 line 201 (snapshot 2025-12-25)
87,J1710+4923,spin,XuLive2025,https://xray-pulsar.github.io/counterparts/,Xu living Table 2 line 202 (snapshot 2025-12-25)
87,J1710+4923,thermal,Shibanov2025,https://doi.org/10.1134/S1063773725700288,Xu living Table 2 line 202 (snapshot 2025-12-25)
88,J1717+4308A,spin,XuLive2025,https://xray-pulsar.github.io/counterparts/,Xu living Table 2 line 203 (snapshot 2025-12-25)
88,J1717+4308A,thermal,ZhaoHeinke2022,https://doi.org/10.1093/mnras/stac442,Xu living Table 2 line 203 (snapshot 2025-12-25)
89,J1723-2837,spin,XuLive2025,https://xray-pulsar.github.io/counterparts/,Xu living Table 2 line 204 (snapshot 2025-12-25)
89,J1723-2837,thermal,Boztepe2020,https://doi.org/10.1093/mnras/staa2503,Xu living Table 2 line 204 (snapshot 2025-12-25)
90,J1730-2304,spin,XuLive2025,https://xray-pulsar.github.io/counterparts/,Xu living Table 2 line 205 (snapshot 2025-12-25)
90,J1730-2304,thermal,Xu2025,https://doi.org/10.3847/1538-4357/adaebc,Xu living Table 2 line 205 (snapshot 2025-12-25)
91,J1731-1847,spin,XuLive2025,https://xray-pulsar.github.io/counterparts/,Xu living Table 2 line 206 (snapshot 2025-12-25)
91,J1731-1847,thermal,Xu2025,https://doi.org/10.3847/1538-4357/adaebc,Xu living Table 2 line 206 (snapshot 2025-12-25)
92,J1737-0314A,spin,XuLive2025,https://xray-pulsar.github.io/counterparts/,Xu living Table 2 line 207 (snapshot 2025-12-25)
92,J1737-0314A,thermal,ZhaoHeinke2022,https://doi.org/10.1093/mnras/stac442,Xu living Table 2 line 207 (snapshot 2025-12-25)
93,J1740-5340A,spin,XuLive2025,https://xray-pulsar.github.io/counterparts/,Xu living Table 2 line 208 (snapshot 2025-12-25)
93,J1740-5340A,thermal,ZhaoHeinke2022,https://doi.org/10.1093/mnras/stac442,Xu living Table 2 line 208 (snapshot 2025-12-25)
94,J1740-5340B,spin,XuLive2025,https://xray-pulsar.github.io/counterparts/,Xu living Table 2 line 209 (snapshot 2025-12-25)
94,J1740-5340B,thermal,ZhaoHeinke2022,https://doi.org/10.1093/mnras/stac442,Xu living Table 2 line 209 (snapshot 2025-12-25)
95,J1744-1134,spin,XuLive2025,https://xray-pulsar.github.io/counterparts/,Xu living Table 2 line 210 (snapshot 2025-12-25)
95,J1744-1134,thermal,Xu2025,https://doi.org/10.3847/1538-4357/adaebc,Xu living Table 2 line 210 (snapshot 2025-12-25)
96,J1744-7619,spin,XuLive2025,https://xray-pulsar.github.io/counterparts/,Xu living Table 2 line 211 (snapshot 2025-12-25)
96,J1744-7619,thermal,Smith3PC2023,https://doi.org/10.3847/1538-4357/acee67,Xu living Table 2 line 211 (snapshot 2025-12-25)
97,J1748-2446E,spin,XuLive2025,https://xray-pulsar.github.io/counterparts/,Xu living Table 2 line 213 (snapshot 2025-12-25)
97,J1748-2446E,thermal,ZhaoHeinke2022,https://doi.org/10.1093/mnras/stac442,Xu living Table 2 line 213 (snapshot 2025-12-25)
98,J1748-2446F,spin,XuLive2025,https://xray-pulsar.github.io/counterparts/,Xu living Table 2 line 214 (snapshot 2025-12-25)
98,J1748-2446F,thermal,ZhaoHeinke2022,https://doi.org/10.1093/mnras/stac442,Xu living Table 2 line 214 (snapshot 2025-12-25)
99,J1748-2446H,spin,XuLive2025,https://xray-pulsar.github.io/counterparts/,Xu living Table 2 line 215 (snapshot 2025-12-25)
99,J1748-2446H,thermal,ZhaoHeinke2022,https://doi.org/10.1093/mnras/stac442,Xu living Table 2 line 215 (snapshot 2025-12-25)
100,J1748-2446K,spin,XuLive2025,https://xray-pulsar.github.io/counterparts/,Xu living Table 2 line 216 (snapshot 2025-12-25)
100,J1748-2446K,thermal,ZhaoHeinke2022,https://doi.org/10.1093/mnras/stac442,Xu living Table 2 line 216 (snapshot 2025-12-25)
101,J1748-2446L,spin,XuLive2025,https://xray-pulsar.github.io/counterparts/,Xu living Table 2 line 217 (snapshot 2025-12-25)
101,J1748-2446L,thermal,ZhaoHeinke2022,https://doi.org/10.1093/mnras/stac442,Xu living Table 2 line 217 (snapshot 2025-12-25)
102,J1748-2446N,spin,XuLive2025,https://xray-pulsar.github.io/counterparts/,Xu living Table 2 line 218 (snapshot 2025-12-25)
102,J1748-2446N,thermal,ZhaoHeinke2022,https://doi.org/10.1093/mnras/stac442,Xu living Table 2 line 218 (snapshot 2025-12-25)
103,J1748-2446O,spin,XuLive2025,https://xray-pulsar.github.io/counterparts/,Xu living Table 2 line 219 (snapshot 2025-12-25)
103,J1748-2446O,thermal,ZhaoHeinke2022,https://doi.org/10.1093/mnras/stac442,Xu living Table 2 line 219 (snapshot 2025-12-25)
104,J1748-2446P,spin,XuLive2025,https://xray-pulsar.github.io/counterparts/,Xu living Table 2 line 220 (snapshot 2025-12-25)
104,J1748-2446P,thermal,ZhaoHeinke2022,https://doi.org/10.1093/mnras/stac442,Xu living Table 2 line 220 (snapshot 2025-12-25)
105,J1748-2446Q,spin,XuLive2025,https://xray-pulsar.github.io/counterparts/,Xu living Table 2 line 221 (snapshot 2025-12-25)
105,J1748-2446Q,thermal,ZhaoHeinke2022,https://doi.org/10.1093/mnras/stac442,Xu living Table 2 line 221 (snapshot 2025-12-25)
106,J1748-2446V,spin,XuLive2025,https://xray-pulsar.github.io/counterparts/,Xu living Table 2 line 222 (snapshot 2025-12-25)
106,J1748-2446V,thermal,ZhaoHeinke2022,https://doi.org/10.1093/mnras/stac442,Xu living Table 2 line 222 (snapshot 2025-12-25)
107,J1748-2446X,spin,XuLive2025,https://xray-pulsar.github.io/counterparts/,Xu living Table 2 line 223 (snapshot 2025-12-25)
107,J1748-2446X,thermal,ZhaoHeinke2022,https://doi.org/10.1093/mnras/stac442,Xu living Table 2 line 223 (snapshot 2025-12-25)
108,J1748-2446Z,spin,XuLive2025,https://xray-pulsar.github.io/counterparts/,Xu living Table 2 line 224 (snapshot 2025-12-25)
108,J1748-2446Z,thermal,ZhaoHeinke2022,https://doi.org/10.1093/mnras/stac442,Xu living Table 2 line 224 (snapshot 2025-12-25)
109,J1748-2446ad,spin,XuLive2025,https://xray-pulsar.github.io/counterparts/,Xu living Table 2 line 225 (snapshot 2025-12-25)
109,J1748-2446ad,thermal,ZhaoHeinke2022,https://doi.org/10.1093/mnras/stac442,Xu living Table 2 line 225 (snapshot 2025-12-25)
110,J1807-2459A,spin,XuLive2025,https://xray-pulsar.github.io/counterparts/,Xu living Table 2 line 226 (snapshot 2025-12-25)
110,J1807-2459A,thermal,ZhaoHeinke2022,https://doi.org/10.1093/mnras/stac442,Xu living Table 2 line 226 (snapshot 2025-12-25)
111,J1810+1744,spin,XuLive2025,https://xray-pulsar.github.io/counterparts/,Xu living Table 2 line 227 (snapshot 2025-12-25)
111,J1810+1744,thermal,Xu2025,https://doi.org/10.3847/1538-4357/adaebc,Xu living Table 2 line 227 (snapshot 2025-12-25)
112,J1816+4510,spin,XuLive2025,https://xray-pulsar.github.io/counterparts/,Xu living Table 2 line 228 (snapshot 2025-12-25)
112,J1816+4510,thermal,Xu2025,https://doi.org/10.3847/1538-4357/adaebc,Xu living Table 2 line 228 (snapshot 2025-12-25)
113,J1824-2452A,spin,XuLive2025,https://xray-pulsar.github.io/counterparts/,Xu living Table 2 line 229 (snapshot 2025-12-25)
113,J1824-2452A,thermal,ZhaoHeinke2022,https://doi.org/10.1093/mnras/stac442,Xu living Table 2 line 229 (snapshot 2025-12-25)
114,J1824-2452C,spin,XuLive2025,https://xray-pulsar.github.io/counterparts/,Xu living Table 2 line 230 (snapshot 2025-12-25)
114,J1824-2452C,thermal,ZhaoHeinke2022,https://doi.org/10.1093/mnras/stac442,Xu living Table 2 line 230 (snapshot 2025-12-25)
115,J1824-2452E,spin,XuLive2025,https://xray-pulsar.github.io/counterparts/,Xu living Table 2 line 231 (snapshot 2025-12-25)
115,J1824-2452E,thermal,ZhaoHeinke2022,https://doi.org/10.1093/mnras/stac442,Xu living Table 2 line 231 (snapshot 2025-12-25)
116,J1824-2452F,spin,XuLive2025,https://xray-pulsar.github.io/counterparts/,Xu living Table 2 line 232 (snapshot 2025-12-25)
116,J1824-2452F,thermal,ZhaoHeinke2022,https://doi.org/10.1093/mnras/stac442,Xu living Table 2 line 232 (snapshot 2025-12-25)
117,J1824-2452H,spin,XuLive2025,https://xray-pulsar.github.io/counterparts/,Xu living Table 2 line 233 (snapshot 2025-12-25)
117,J1824-2452H,thermal,ZhaoHeinke2022,https://doi.org/10.1093/mnras/stac442,Xu living Table 2 line 233 (snapshot 2025-12-25)
118,J1824-2452J,spin,XuLive2025,https://xray-pulsar.github.io/counterparts/,Xu living Table 2 line 235 (snapshot 2025-12-25)
118,J1824-2452J,thermal,ZhaoHeinke2022,https://doi.org/10.1093/mnras/stac442,Xu living Table 2 line 235 (snapshot 2025-12-25)
119,J1824-2452K,spin,XuLive2025,https://xray-pulsar.github.io/counterparts/,Xu living Table 2 line 236 (snapshot 2025-12-25)
119,J1824-2452K,thermal,ZhaoHeinke2022,https://doi.org/10.1093/mnras/stac442,Xu living Table 2 line 236 (snapshot 2025-12-25)
120,J1836-2354A,spin,XuLive2025,https://xray-pulsar.github.io/counterparts/,Xu living Table 2 line 237 (snapshot 2025-12-25)
120,J1836-2354A,thermal,ZhaoHeinke2022,https://doi.org/10.1093/mnras/stac442,Xu living Table 2 line 237 (snapshot 2025-12-25)
121,J1902-5105,spin,XuLive2025,https://xray-pulsar.github.io/counterparts/,Xu living Table 2 line 239 (snapshot 2025-12-25)
121,J1902-5105,thermal,Xu2025,https://doi.org/10.3847/1538-4357/adaebc,Xu living Table 2 line 239 (snapshot 2025-12-25)
122,J1909-3744,spin,XuLive2025,https://xray-pulsar.github.io/counterparts/,Xu living Table 2 line 240 (snapshot 2025-12-25)
122,J1909-3744,thermal,Xu2025,https://doi.org/10.3847/1538-4357/adaebc,Xu living Table 2 line 240 (snapshot 2025-12-25)
123,J1910-5959A,spin,XuLive2025,https://xray-pulsar.github.io/counterparts/,Xu living Table 2 line 241 (snapshot 2025-12-25)
123,J1910-5959A,thermal,ZhaoHeinke2022,https://doi.org/10.1093/mnras/stac442,Xu living Table 2 line 241 (snapshot 2025-12-25)
124,J1910-5959C,spin,XuLive2025,https://xray-pulsar.github.io/counterparts/,Xu living Table 2 line 243 (snapshot 2025-12-25)
124,J1910-5959C,thermal,ZhaoHeinke2022,https://doi.org/10.1093/mnras/stac442,Xu living Table 2 line 243 (snapshot 2025-12-25)
125,J1910-5959D,spin,XuLive2025,https://xray-pulsar.github.io/counterparts/,Xu living Table 2 line 244 (snapshot 2025-12-25)
125,J1910-5959D,thermal,ZhaoHeinke2022,https://doi.org/10.1093/mnras/stac442,Xu living Table 2 line 244 (snapshot 2025-12-25)
126,J1910-5959F,spin,XuLive2025,https://xray-pulsar.github.io/counterparts/,Xu living Table 2 line 246 (snapshot 2025-12-25)
126,J1910-5959F,thermal,ZhaoHeinke2022,https://doi.org/10.1093/mnras/stac442,Xu living Table 2 line 246 (snapshot 2025-12-25)
127,J1939+2134,spin,XuLive2025,https://xray-pulsar.github.io/counterparts/,Xu living Table 2 line 247 (snapshot 2025-12-25)
127,J1939+2134,thermal,Xu2025,https://doi.org/10.3847/1538-4357/adaebc,Xu living Table 2 line 247 (snapshot 2025-12-25)
128,J1946-5403,spin,XuLive2025,https://xray-pulsar.github.io/counterparts/,Xu living Table 2 line 248 (snapshot 2025-12-25)
128,J1946-5403,thermal,Xu2025,https://doi.org/10.3847/1538-4357/adaebc,Xu living Table 2 line 248 (snapshot 2025-12-25)
129,J1953+1846A,spin,XuLive2025,https://xray-pulsar.github.io/counterparts/,Xu living Table 2 line 249 (snapshot 2025-12-25)
129,J1953+1846A,thermal,ZhaoHeinke2022,https://doi.org/10.1093/mnras/stac442,Xu living Table 2 line 249 (snapshot 2025-12-25)
130,J2017+0603,spin,XuLive2025,https://xray-pulsar.github.io/counterparts/,Xu living Table 2 line 250 (snapshot 2025-12-25)
130,J2017+0603,thermal,Xu2025,https://doi.org/10.3847/1538-4357/adaebc,Xu living Table 2 line 250 (snapshot 2025-12-25)
131,J2017-1614,spin,XuLive2025,https://xray-pulsar.github.io/counterparts/,Xu living Table 2 line 251 (snapshot 2025-12-25)
131,J2017-1614,thermal,Xu2025,https://doi.org/10.3847/1538-4357/adaebc,Xu living Table 2 line 251 (snapshot 2025-12-25)
132,J2043+1711,spin,XuLive2025,https://xray-pulsar.github.io/counterparts/,Xu living Table 2 line 252 (snapshot 2025-12-25)
132,J2043+1711,thermal,Xu2025,https://doi.org/10.3847/1538-4357/adaebc,Xu living Table 2 line 252 (snapshot 2025-12-25)
133,J2047+1053,spin,XuLive2025,https://xray-pulsar.github.io/counterparts/,Xu living Table 2 line 253 (snapshot 2025-12-25)
133,J2047+1053,thermal,Xu2025,https://doi.org/10.3847/1538-4357/adaebc,Xu living Table 2 line 253 (snapshot 2025-12-25)
134,J2051-0827,spin,XuLive2025,https://xray-pulsar.github.io/counterparts/,Xu living Table 2 line 254 (snapshot 2025-12-25)
134,J2051-0827,thermal,Xu2025,https://doi.org/10.3847/1538-4357/adaebc,Xu living Table 2 line 254 (snapshot 2025-12-25)
135,J2115+5448,spin,XuLive2025,https://xray-pulsar.github.io/counterparts/,Xu living Table 2 line 255 (snapshot 2025-12-25)
135,J2115+5448,thermal,Xu2025,https://doi.org/10.3847/1538-4357/adaebc,Xu living Table 2 line 255 (snapshot 2025-12-25)
136,J2124-3358,spin,XuLive2025,https://xray-pulsar.github.io/counterparts/,Xu living Table 2 line 256 (snapshot 2025-12-25)
136,J2124-3358,thermal,GC2026_J2124,https://arxiv.org/abs/2607.03721,Xu living Table 2 line 256 (snapshot 2025-12-25)
137,J2129-0429,spin,XuLive2025,https://xray-pulsar.github.io/counterparts/,Xu living Table 2 line 257 (snapshot 2025-12-25)
137,J2129-0429,thermal,Xu2025,https://doi.org/10.3847/1538-4357/adaebc,Xu living Table 2 line 257 (snapshot 2025-12-25)
138,J2214+3000,spin,XuLive2025,https://xray-pulsar.github.io/counterparts/,Xu living Table 2 line 259 (snapshot 2025-12-25)
138,J2214+3000,thermal,Xu2025,https://doi.org/10.3847/1538-4357/adaebc,Xu living Table 2 line 259 (snapshot 2025-12-25)
139,J2215+5135,spin,XuLive2025,https://xray-pulsar.github.io/counterparts/,Xu living Table 2 line 260 (snapshot 2025-12-25)
139,J2215+5135,thermal,Xu2025,https://doi.org/10.3847/1538-4357/adaebc,Xu living Table 2 line 260 (snapshot 2025-12-25)
140,J2241-5236,spin,XuLive2025,https://xray-pulsar.github.io/counterparts/,Xu living Table 2 line 261 (snapshot 2025-12-25)
140,J2241-5236,thermal,Xu2025,https://doi.org/10.3847/1538-4357/adaebc,Xu living Table 2 line 261 (snapshot 2025-12-25)
141,J2256-1024,spin,XuLive2025,https://xray-pulsar.github.io/counterparts/,Xu living Table 2 line 262 (snapshot 2025-12-25)
141,J2256-1024,thermal,Xu2025,https://doi.org/10.3847/1538-4357/adaebc,Xu living Table 2 line 262 (snapshot 2025-12-25)
142,J2302+4442,spin,XuLive2025,https://xray-pulsar.github.io/counterparts/,Xu living Table 2 line 263 (snapshot 2025-12-25)
142,J2302+4442,thermal,Xu2025,https://doi.org/10.3847/1538-4357/adaebc,Xu living Table 2 line 263 (snapshot 2025-12-25)
143,J2322-2650,spin,XuLive2025,https://xray-pulsar.github.io/counterparts/,Xu living Table 2 line 264 (snapshot 2025-12-25)
143,J2322-2650,thermal,Shibanov2025,https://doi.org/10.1134/S1063773725700288,Xu living Table 2 line 264 (snapshot 2025-12-25)
144,J2339-0533,spin,XuLive2025,https://xray-pulsar.github.io/counterparts/,Xu living Table 2 line 265 (snapshot 2025-12-25)
144,J2339-0533,thermal,Xu2025,https://doi.org/10.3847/1538-4357/adaebc,Xu living Table 2 line 265 (snapshot 2025-12-25)
